{"stat.flyOneCm":12019,"stat.walkOneCm":5535,"stat.jump":15,"stat.pickup.vanillaexpanded.item_dev":1,"stat.playOneMinute":2351,"stat.climbOneCm":838,"stat.leaveGame":1,"stat.sneakTime":48,"stat.mineBlock.minecraft.cobblestone":5,"stat.useItem.minecraft.cobblestone":3,"stat.pickup.vanillaexpanded.block_dev":6,"stat.useItem.minecraft.diamond_pickaxe":11,"stat.crouchOneCm":57,"stat.timeSinceDeath":2351,"stat.mineBlock.vanillaexpanded.block_dev":6,"stat.sprintOneCm":516,"stat.pickup.minecraft.cobblestone":5,"stat.useItem.minecraft.stone_slab2":6,"stat.useItem.vanillaexpanded.block_dev":3}