{"stat.flyOneCm":15126,"stat.pickup.vanillaexpanded.redstone_alloy_ingot":1,"stat.walkOneCm":4398,"stat.craftItem.vanillaexpanded.redstone_alloy_ingot":7,"stat.drop":1,"stat.jump":69,"stat.playOneMinute":19302,"stat.fallOneCm":1722,"stat.sneakTime":16,"stat.craftItem.minecraft.stone_slab2":0,"stat.pickup.minecraft.crafting_table":1,"stat.damageTaken":180,"stat.furnaceInteraction":4,"stat.crouchOneCm":13,"stat.craftItem.vanillaexpanded.redstone_alloy_block":1,"stat.timeSinceDeath":19302,"stat.sprintOneCm":5059,"stat.useItem.minecraft.stone_slab2":1,"stat.talkedToVillager":1,"stat.drop.vanillaexpanded.redstone_alloy_ingot":1,"stat.craftingTableInteraction":1}