{"stat.flyOneCm":5978,"stat.walkOneCm":7061,"stat.pickup.minecraft.wheat_seeds":11,"stat.jump":28,"stat.pickup.minecraft.beetroot_seeds":4,"stat.pickup.minecraft.potato":6,"stat.playOneMinute":2372,"stat.pickup.minecraft.iron_ingot":7,"stat.pickup.minecraft.red_flower":2,"stat.sneakTime":11,"stat.pickup.minecraft.slime_ball":100,"stat.pickup.minecraft.carrot":4,"stat.damageDealt":1810,"stat.crouchOneCm":12,"stat.timeSinceDeath":2372,"stat.sprintOneCm":11892,"stat.mobKills":2,"stat.useItem.minecraft.stone_slab2":8,"stat.useItem.minecraft.diamond_sword":29}