{"stat.flyOneCm":6885,"stat.pickup.vanillaexpanded.redstone_alloy_ingot":11,"stat.walkOneCm":6714,"stat.craftItem.vanillaexpanded.redstone_alloy_ingot":10,"stat.jump":28,"stat.swimOneCm":618,"stat.playOneMinute":5666,"stat.pickup.minecraft.coal":61,"stat.fallOneCm":418,"stat.useItem.minecraft.redstone":1,"stat.craftItem.vanillaexpanded.redstone_clay":8,"stat.sneakTime":21,"stat.craftItem.minecraft.stone_slab2":0,"stat.damageTaken":10,"stat.furnaceInteraction":10,"stat.crouchOneCm":29,"stat.timeSinceDeath":5666,"stat.pickup.vanillaexpanded.redstone_clay":50,"stat.sprintOneCm":5506,"stat.useItem.minecraft.stone_slab2":19,"stat.useItem.minecraft.water_bucket":1}