{"stat.flyOneCm":19091,"stat.walkOneCm":10159,"stat.jump":75,"stat.playOneMinute":17984,"stat.fallOneCm":691,"stat.pickup.minecraft.diamond_pickaxe":1,"stat.useItem.minecraft.stone_pickaxe":1,"stat.useItem.minecraft.redstone":8,"stat.mineBlock.vanillaexpanded.redstone_alloy_block":2,"stat.damageTaken":40,"stat.furnaceInteraction":1,"stat.pickup.minecraft.redstone":1,"stat.timeSinceDeath":17984,"stat.pickup.vanillaexpanded.redstone_alloy_block":2,"stat.sprintOneCm":11701,"stat.useItem.minecraft.iron_pickaxe":1,"stat.useItem.minecraft.stone_slab2":15,"stat.useItem.vanillaexpanded.redstone_alloy_block":2,"stat.craftingTableInteraction":1}