{"stat.walkOneCm":10943,"stat.useItem.minecraft.iron_block":1,"stat.damageTaken":10,"stat.drop.vanillaexpanded.redstone_clay":1,"stat.drop.vanillaexpanded.redstone_alloy_block":1,"stat.useItem.vanillaexpanded.redstone_alloy_block":2,"stat.mineBlock.minecraft.redstone_block":1,"stat.pickup.minecraft.redstone_block":1,"stat.flyOneCm":16576,"stat.pickup.vanillaexpanded.redstone_alloy_ingot":1,"stat.drop":3,"stat.jump":80,"stat.playOneMinute":5382,"stat.fallOneCm":209,"stat.useItem.minecraft.stone_pickaxe":5,"stat.sneakTime":58,"stat.mineBlock.vanillaexpanded.redstone_alloy_block":3,"stat.pickup.minecraft.iron_block":2,"stat.crouchOneCm":270,"stat.timeSinceDeath":5382,"stat.pickup.vanillaexpanded.redstone_clay":1,"stat.pickup.vanillaexpanded.redstone_alloy_block":4,"stat.sprintOneCm":10101,"stat.useItem.minecraft.iron_pickaxe":1,"stat.useItem.minecraft.stone_slab2":9,"stat.drop.vanillaexpanded.redstone_alloy_ingot":1,"stat.mineBlock.minecraft.iron_block":2}