{
  "minecraft:recipes/redstone/tnt": {
    "criteria": {
      "has_gunpowder": "2018-02-10 19:42:07 -0600"
    },
    "done": true
  },
  "minecraft:recipes/redstone/sticky_piston": {
    "criteria": {
      "has_slime_ball": "2018-02-10 19:41:51 -0600"
    },
    "done": true
  },
  "minecraft:adventure/root": {
    "criteria": {
      "killed_something": "2018-02-10 19:41:49 -0600"
    },
    "done": true
  },
  "minecraft:adventure/kill_a_mob": {
    "criteria": {
      "slime": "2018-02-10 19:41:49 -0600"
    },
    "done": true
  },
  "minecraft:recipes/tools/lead": {
    "criteria": {
      "has_slime_ball": "2018-02-10 19:41:51 -0600"
    },
    "done": true
  },
  "minecraft:adventure/kill_all_mobs": {
    "criteria": {
      "slime": "2018-02-10 19:41:49 -0600",
      "creeper": "2018-02-10 19:42:06 -0600"
    },
    "done": false
  },
  "minecraft:adventure/adventuring_time": {
    "criteria": {
      "plains": "2018-02-10 19:27:11 -0600"
    },
    "done": false
  },
  "minecraft:recipes/decorations/armor_stand": {
    "criteria": {
      "has_stone_slab": "2018-02-10 19:41:40 -0600"
    },
    "done": true
  }
}