{
  "minecraft:recipes/misc/coal": {
    "criteria": {
      "has_the_recipe": "2018-02-13 19:02:00 -0600"
    },
    "done": true
  },
  "minecraft:recipes/building_blocks/coal_block": {
    "criteria": {
      "has_at_least_9_coal": "2018-02-13 19:02:00 -0600"
    },
    "done": true
  },
  "minecraft:adventure/adventuring_time": {
    "criteria": {
      "plains": "2018-02-10 19:05:43 -0600"
    },
    "done": false
  },
  "minecraft:story/root": {
    "criteria": {
      "crafting_table": "2018-02-13 19:01:49 -0600"
    },
    "done": true
  }
}