{"stat.chestOpened":2,"stat.useItem.minecraft.bow":13,"stat.walkOneCm":169837,"stat.pickup.minecraft.bone":19,"stat.trappedChestTriggered":2,"stat.pickup.minecraft.arrow":11,"stat.killEntity.Slime":29,"stat.mineBlock.vanillaexpanded.block_dev":38,"stat.useItem.vanillaexpanded.block_dev":76,"stat.killEntity.Creeper":8,"stat.talkedToVillager":6,"stat.useItem.minecraft.diamond_sword":112,"stat.useItem.minecraft.potion":1,"stat.pickup.minecraft.string":3,"stat.pickup.minecraft.diamond_sword":1,"stat.swimOneCm":5742,"stat.jump":1065,"stat.fallOneCm":1302,"stat.pickup.minecraft.iron_ingot":9,"stat.pickup.minecraft.carrot":13,"stat.pickup.minecraft.melon_seeds":4,"stat.pickup.minecraft.gunpowder":13,"stat.crouchOneCm":2341,"stat.pickup.minecraft.spider_eye":4,"stat.pickup.minecraft.dirt":61,"stat.useItem.minecraft.dirt":26,"stat.sprintOneCm":114039,"stat.useItem.minecraft.stone_slab2":982,"stat.pickup.minecraft.bow":2,"stat.useItem.minecraft.water_bucket":10,"stat.pickup.minecraft.rotten_flesh":8,"stat.useItem.minecraft.diamond_hoe":9,"stat.killEntity.Skeleton":12,"stat.useItem.minecraft.flint_and_steel":4,"stat.killEntity.Spider":5,"stat.damageTaken":290,"stat.pickup.vanillaexpanded.block_dev":38,"stat.useItem.minecraft.diamond_pickaxe":25,"stat.mobKills":60,"stat.pickup.minecraft.sugar":2,"stat.flyOneCm":358594,"stat.pickup.minecraft.glass_bottle":3,"stat.pickup.minecraft.wheat_seeds":8,"stat.pickup.minecraft.beetroot_seeds":3,"stat.pickup.minecraft.potato":1,"stat.playOneMinute":107152,"stat.killEntity.Witch":2,"stat.pickup.minecraft.red_flower":1,"stat.sneakTime":1242,"stat.pickup.minecraft.slime_ball":74,"stat.damageDealt":6864,"stat.pickup.minecraft.redstone":1,"stat.killEntity.Zombie":3,"stat.timeSinceDeath":107152,"stat.diveOneCm":346,"stat.pickup.minecraft.wheat":1,"stat.pickup.minecraft.chest":1}